Timestamp,Question,Result
2024-09-27 13:10:45,Fasilitas unik apa saja yang tersedia dalam program Fashion di BINUS University yang mendukung mahasiswa dalam studi mereka?,"studio yang sangat baik, termasuk ruang kerja produksi garmen, ruang eksperimen tekstil ( batik, tenun, sablon dan rajut ), laboratorium komputer, dan studio fotografi"
2024-09-27 13:10:51,Bisakah Anda menjelaskan struktur program (2+1+1) pada jurusan Fashion di BINUS University dan bagaimana manfaatnya bagi karier mahasiswa?,teknologi akuntansi
2024-09-27 13:10:55,Kompetensi inti apa saja yang ditekankan dalam program Desain Interior di BINUS University untuk memastikan lulusan siap kerja di industri?,"konsultan pajak ( tax consultant ), ahli pajak perusahaan ( tax corporate analist ), pengacara pajak ( tax attorney ), ahli transfer pricing ( transfer pricing specialist ), ahli bea cukai - expor - impor ( export import tax specialist ), perencana teknologi perpajakan ( digital tax planner / taxologist ), perencana wajib pajak miliuner ( hnwi tax planner ), perencana pajak dalam negeri & internasional ( domestic & international tax planner ). management accountant, auditor ( external auditor, internal auditor, forensic auditor, and information system auditor ), financial controller and analyst, financial planner, business & system analyst, tax accountant, external business advisor, accounting data analyst, and software specialist.. fashion program binus university telah berdiri sejak 2010 berawal dari hasil kolaborasi antara binus university international dan northumbria university, newcastle, inggris. lalu per tahun ajaran 2024 / 2025 fashion program hadir di binus @ alam sutera dengan cita - cita dan semangat yang sama yaitu untuk menjadi sekolah fashion terbaik di indonesia, fashion program terus mengupayakan menghasilkan tenaga profesional terampil yang mampu memecahkan masalah di bidang nya. untuk mendukung kegiatan belajar mengajar yang efektif, binus university menyediakan fasilitas studio yang sangat baik, termasuk ruang kerja produksi garmen, ruang eksperimen tekstil ( batik, tenun, sablon dan rajut ), laboratorium komputer, dan studio fotografi. fashion program menyediakan rencana studi personal yang fleksibel berdasarkan kebutuhan mahasiswa, didukung melalui program perkuliahan ( 2 + 1 + 1 ) dimana dalam 2, 5 tahun kuliah mahasiswa di siapkan menggapai karier dan peluang dual degree ( s. ds. & ba with hons. ). selain itu mahasiswa dapat memilih peminatan fashion design atau fashion retail management, yang memberikan kesempatan untuk mendalami praktik fashion dan bekerja dalam industri fashion sesungguhnya. fashion program binus university juga mengutamakan pengalaman praktis, proyek kolaboratif dengan profesional"
2024-09-27 13:11:24,"Bisakah Anda menjelaskan peluang karier bagi mahasiswa lulusan program Desain Komunikasi Visual di BINUS University, terutama di bidang animasi?",GA TAU :(
2024-09-27 13:11:46,Bagaimana program International Business Management di BINUS University mempersiapkan mahasiswa untuk berkarier di perusahaan multinasional?,mengembangkan keterampilan dan mempersiapkan karier mereka
2024-09-27 13:11:50,Bagaimana prospek karier sebagai konsultan pajak setelah lulus dari program Perpajakan di BINUS University?,( tax corporate analist )
2024-09-27 13:11:54,Apa perbedaan utama antara program Bisnis Digital di BINUS University dengan program bisnis tradisional dalam hal hasil karier?,GA TAU :(
2024-09-27 13:11:58,Apa peran program enrichment seperti magang dan kunjungan lapangan dalam kurikulum program Desain Interior di BINUS University?,GA TAU :(
2024-09-27 13:12:01,Bisakah Anda memberikan gambaran tentang bagaimana program Desain Komunikasi Visual di BINUS University mengintegrasikan budaya lokal dan teknologi dalam kurikulumnya?,GA TAU :(
2024-09-27 13:12:05,Keterampilan dan pengetahuan apa saja yang akan dikembangkan oleh mahasiswa dalam program Bisnis Digital di BINUS University untuk menjadi pengusaha digital yang sukses?,GA TAU :(
2024-09-27 13:12:12,Berapa lama waktu yang dibutuhkan untuk menyelesaikan program Fashion di BINUS University?,"2, 5 tahun"
2024-09-27 13:12:18,Apa saja peluang karier di bidang bisnis digital setelah lulus dari BINUS University?,dual degree
2024-09-27 13:12:22,Bagaimana status akreditasi program Desain Komunikasi Visual di BINUS University?,GA TAU :(
2024-09-27 13:12:26,Jalur karier apa saja yang tersedia bagi lulusan program Fashion di BINUS University?,dual degree
2024-09-27 13:12:30,Bagaimana program International Business Management di BINUS University mempersiapkan mahasiswa untuk karier global?,mengembangkan keterampilan dan mempersiapkan karier mereka
2024-09-27 13:12:34,Karier potensial apa saja yang tersedia bagi lulusan program Perpajakan di BINUS University?,dual degree
2024-09-27 13:12:38,Berapa lama durasi program Akuntansi di BINUS University?,sejak 2010
2024-09-27 13:12:44,Akreditasi apa yang dimiliki program Desain Interior di BINUS University?,GA TAU :(
2024-09-27 13:12:51,Apa saja karier potensial untuk lulusan Desain Komunikasi Visual BINUS University?,"konsultan pajak ( tax consultant ), ahli pajak perusahaan ( tax corporate analist ), pengacara pajak ( tax attorney ), ahli transfer pricing ( transfer pricing specialist ), ahli bea cukai - expor - impor ( export import tax specialist ), perencana teknologi perpajakan ( digital tax planner / taxologist ), perencana wajib pajak miliuner ( hnwi tax planner ), perencana pajak dalam negeri & internasional ( domestic & international tax planner ). management accountant, auditor ( external auditor, internal auditor, forensic auditor, and information system auditor ), financial controller and analyst, financial planner, business & system analyst, tax accountant, external business advisor, accounting data analyst, and software specialist.. fashion program binus university telah berdiri sejak 2010 berawal dari hasil kolaborasi antara binus university international dan northumbria university, newcastle, inggris. lalu per tahun ajaran 2024 / 2025 fashion program hadir di binus @ alam sutera dengan cita - cita dan semangat yang sama yaitu untuk menjadi sekolah fashion terbaik di indonesia, fashion program terus mengupayakan menghasilkan tenaga profesional terampil yang mampu memecahkan masalah di bidang nya. untuk mendukung kegiatan belajar mengajar yang efektif, binus university menyediakan fasilitas studio yang sangat baik, termasuk ruang kerja produksi garmen, ruang eksperimen tekstil ( batik, tenun, sablon dan rajut ), laboratorium komputer, dan studio fotografi. fashion program menyediakan rencana studi personal yang fleksibel berdasarkan kebutuhan mahasiswa, didukung melalui program perkuliahan ( 2 + 1 + 1 ) dimana dalam 2, 5 tahun kuliah mahasiswa di siapkan menggapai karier dan peluang dual degree"
2024-11-16 14:31:43,Akreditasi Jurusan Film apa nih,binus university
2024-11-20 17:19:39,WE LANCAO,kurikulum sudah dirancang untuk dapat bersinergi dengan program enrichment ( 2 + 1 ) + 1 hingga proyek tugas akhir
2024-11-23 08:47:33,Akreditasi Jurusan Film apa nih,binus university
2024-11-23 08:50:42,Akreditasi Jurusan Film apa nih,binus university
2024-11-23 08:51:16,Gimana sih program Entrepreneurship bikin mahasiswa jadi pengusaha?,Maaf Saya Tidak Bisa Menjawab Pertanyaan Anda
2024-11-23 09:01:45,Gimana sih program Entrepreneurship bikin mahasiswa jadi pengusaha?,Maaf Saya Tidak Bisa Menjawab Pertanyaan Anda
